headerł, header2
datałł, datał2
data2ł, data22
data3ł, data32
data4ł, data42
data4ł, data42
datałł, datał2
data2ł, data22
data3ł, data32
data4ł, data42
data4ł, data42
datałł, datał2
data2ł, data22
data3ł, data32
data4ł, data42
data4ł, data42
datałł, datał2
data2ł, data22
data3ł, data32
data4ł, data42
data4ł, data42
datałł, datał2
data2ł, data22
data3ł, data32
data4ł, data42
data4ł, data42
datałł, datał2
data2ł, data22
data3ł, data32
data4ł, data42
data4ł, data42
datałł, datał2
data2ł, data22
data3ł, data32
data4ł, data42
data4ł, data42
datałł, datał2
data2ł, data22
data3ł, data32
data4ł, data42
data4ł, data42
datałł, datał2
data2ł, data22
data3ł, data32
data4ł, data42
data4ł, data42
datałł, datał2
data2ł, data22
data3ł, data32
data4ł, data42
data4ł, data42
datałł, datał2
data2ł, data22
data3ł, data32
data4ł, data42
data4ł, data42
datałł, datał2
data2ł, data22
data3ł, data32
data4ł, data42
data4ł, data42
datałł, datał2
data2ł, data22
data3ł, data32
data4ł, data42
data4ł, data42
datałł, datał2
data2ł, data22
data3ł, data32
data4ł, data42
data4ł, data42
datałł, datał2
data2ł, data22
data3ł, data32
data4ł, data42
data4ł, data42
datałł, datał2
data2ł, data22
data3ł, data32
data4ł, data42
data4ł, data42
datałł, datał2
data2ł, data22
data3ł, data32
data4ł, data42
data4ł, data42
datałł, datał2
data2ł, data22
data3ł, data32
data4ł, data42
data4ł, data42
datałł, datał2
data2ł, data22
data3ł, data32
data4ł, data42
data4ł, data42
datałł, datał2
data2ł, data22
data3ł, data32
data4ł, data42
data4ł, data42
datałł, datał2
data2ł, data22
data3ł, data32
data4ł, data42
data4ł, data42
datałł, datał2
data2ł, data22
data3ł, data32
data4ł, data42
data4ł, data42
datałł, datał2
data2ł, data22
data3ł, data32
data4ł, data42
data4ł, data42
datałł, datał2
data2ł, data22
data3ł, data32
data4ł, data42
data4ł, data42
datałł, datał2
data2ł, data22
data3ł, data32
data4ł, data42
data4ł, data42
datałł, datał2
data2ł, data22
data3ł, data32
data4ł, data42
data4ł, data42
datałł, datał2
data2ł, data22
data3ł, data32
data4ł, data42
data4ł, data42
datałł, datał2
data2ł, data22
data3ł, data32
data4ł, data42
data4ł, data42
datałł, datał2
data2ł, data22
data3ł, data32
data4ł, data42
data4ł, data42
datałł, datał2
data2ł, data22
data3ł, data32
data4ł, data42
data4ł, data42
datałł, datał2
data2ł, data22
data3ł, data32
data4ł, data42
data4ł, data42
datałł, datał2
data2ł, data22
data3ł, data32
data4ł, data42
data4ł, data42
datałł, datał2
data2ł, data22
data3ł, data32
data4ł, data42
data4ł, data42
datałł, datał2
data2ł, data22
data3ł, data32
data4ł, data42
data4ł, data42
datałł, datał2
data2ł, data22
data3ł, data32
data4ł, data42
data4ł, data42
datałł, datał2
data2ł, data22
data3ł, data32
data4ł, data42
data4ł, data42
datałł, datał2
data2ł, data22
data3ł, data32
data4ł, data42
data4ł, data42
datałł, datał2
data2ł, data22
data3ł, data32
data4ł, data42
data4ł, data42
datałł, datał2
data2ł, data22
data3ł, data32
data4ł, data42
data4ł, data42
datałł, datał2
data2ł, data22
data3ł, data32
data4ł, data42
data4ł, data42
datałł, datał2
data2ł, data22
data3ł, data32
data4ł, data42
data4ł, data42
datałł, datał2
data2ł, data22
data3ł, data32
data4ł, data42
data4ł, data42
datałł, datał2
data2ł, data22
data3ł, data32
data4ł, data42
data4ł, data42
datałł, datał2
data2ł, data22
data3ł, data32
data4ł, data42
data4ł, data42
datałł, datał2
data2ł, data22
data3ł, data32
data4ł, data42
data4ł, data42
datałł, datał2
data2ł, data22
data3ł, data32
data4ł, data42
data4ł, data42
datałł, datał2
data2ł, data22
data3ł, data32
data4ł, data42
data4ł, data42
datałł, datał2
data2ł, data22
data3ł, data32
data4ł, data42
data4ł, data42
datałł, datał2
data2ł, data22
data3ł, data32
data4ł, data42
data4ł, data42
datałł, datał2
data2ł, data22
data3ł, data32
data4ł, data42
data4ł, data42
datałł, datał2
data2ł, data22
data3ł, data32
data4ł, data42
data4ł, data42
datałł, datał2
data2ł, data22
data3ł, data32
data4ł, data42
data4ł, data42
datałł, datał2
data2ł, data22
data3ł, data32
data4ł, data42
data4ł, data42
datałł, datał2
data2ł, data22
data3ł, data32
data4ł, data42
data4ł, data42
datałł, datał2
data2ł, data22
data3ł, data32
data4ł, data42
data4ł, data42
datałł, datał2
data2ł, data22
data3ł, data32
data4ł, data42
data4ł, data42